interaction_id,user_id,tool_id,tool_name,tool_format,category,duration_seconds,complete,timestamp
inter_0001,user_008,haptic_tapping,Haptic Tapping,touch,grounding_mindfulness,109,False,2026-09-20 06:18:47
inter_0002,user_023,visual_anchoring,Visual Anchoring,multimedia,grounding_mindfulness,68,True,2026-09-27 17:03:07
inter_0003,user_010,blow_it_out,Blow It Out,voice,somatic_release,52,True,2026-09-21 07:16:04
inter_0004,user_008,haptic_tapping,Haptic Tapping,touch,grounding_mindfulness,171,True,2026-10-02 11:57:05
inter_0005,user_019,emotion_detective,Emotion Detective,text,emotional_awareness,170,False,2026-09-29 15:26:41
inter_0006,user_016,haptic_tapping,Haptic Tapping,touch,grounding_mindfulness,138,True,2026-09-27 05:12:32
inter_0007,user_024,haptic_tapping,Haptic Tapping,touch,grounding_mindfulness,42,False,2026-09-30 07:35:50
inter_0008,user_021,haptic_tapping,Haptic Tapping,touch,grounding_mindfulness,111,False,2026-09-30 09:19:17
inter_0009,user_003,body_mapping,Body Mapping,touch,grounding_mindfulness,71,True,2026-09-27 17:02:29
inter_0010,user_025,scream_tank,Scream Tank,voice,somatic_release,20,True,2026-09-21 18:16:24
inter_0011,user_023,body_mapping,Body Mapping,touch,grounding_mindfulness,54,True,2026-09-22 18:58:06
inter_0012,user_012,emotion_detective,Emotion Detective,text,emotional_awareness,182,True,2026-09-24 06:36:21
inter_0013,user_007,haptic_tapping,Haptic Tapping,touch,grounding_mindfulness,94,False,2026-09-21 19:18:04
inter_0014,user_016,custom_breathing,Custom Breathing,touch,breathing_regulation,107,True,2026-09-24 20:25:33
inter_0015,user_018,blow_it_out,Blow It Out,voice,somatic_release,64,False,2026-09-22 16:16:51
inter_0016,user_024,scream_tank,Scream Tank,voice,somatic_release,24,True,2026-10-01 06:43:48
inter_0017,user_024,haptic_tapping,Haptic Tapping,touch,grounding_mindfulness,90,False,2026-09-28 08:34:37
inter_0018,user_003,scream_tank,Scream Tank,voice,somatic_release,45,True,2026-09-19 23:23:16
inter_0019,user_020,thought_reframing,Thought Reframing,text,emotional_awareness,289,True,2026-09-26 10:41:18
inter_0020,user_001,body_mapping,Body Mapping,touch,grounding_mindfulness,53,True,2026-09-26 08:53:00
inter_0021,user_006,visual_anchoring,Visual Anchoring,multimedia,grounding_mindfulness,67,True,2026-09-22 16:58:29
inter_0022,user_017,scream_tank,Scream Tank,voice,somatic_release,50,True,2026-09-25 05:13:53
inter_0023,user_019,custom_breathing,Custom Breathing,touch,breathing_regulation,178,True,2026-09-25 15:58:35
inter_0024,user_005,haptic_tapping,Haptic Tapping,touch,grounding_mindfulness,148,False,2026-09-27 12:10:41
inter_0025,user_015,custom_breathing,Custom Breathing,touch,breathing_regulation,137,True,2026-09-19 14:32:03
inter_0026,user_021,scream_tank,Scream Tank,voice,somatic_release,79,True,2026-09-29 04:06:57
inter_0027,user_017,custom_breathing,Custom Breathing,touch,breathing_regulation,80,True,2026-09-25 14:56:07
inter_0028,user_010,visual_anchoring,Visual Anchoring,multimedia,grounding_mindfulness,61,True,2026-09-24 17:52:53
inter_0029,user_013,haptic_tapping,Haptic Tapping,touch,grounding_mindfulness,96,True,2026-09-20 21:04:42
inter_0030,user_001,haptic_tapping,Haptic Tapping,touch,grounding_mindfulness,169,True,2026-09-24 16:52:48
inter_0031,user_019,scream_tank,Scream Tank,voice,somatic_release,51,True,2026-10-01 09:30:07
inter_0032,user_024,body_mapping,Body Mapping,touch,grounding_mindfulness,53,True,2026-09-19 06:04:22
inter_0033,user_003,photo_of_the_day,Photo of the Day,multimedia,behavioral_activation,58,True,2026-09-19 13:44:41
inter_0034,user_018,haptic_tapping,Haptic Tapping,touch,grounding_mindfulness,172,True,2026-09-24 02:53:28
inter_0035,user_017,blow_it_out,Blow It Out,voice,somatic_release,47,False,2026-09-26 16:42:34
inter_0036,user_011,custom_breathing,Custom Breathing,touch,breathing_regulation,95,True,2026-09-21 15:55:17
inter_0037,user_006,body_mapping,Body Mapping,touch,grounding_mindfulness,116,True,2026-10-01 23:39:10
inter_0038,user_024,custom_breathing,Custom Breathing,touch,breathing_regulation,73,True,2026-10-02 07:03:44
inter_0039,user_024,custom_breathing,Custom Breathing,touch,breathing_regulation,64,True,2026-09-25 07:47:03
inter_0040,user_008,custom_breathing,Custom Breathing,touch,breathing_regulation,118,True,2026-09-25 12:58:50
inter_0041,user_017,gratitude_notes,Gratitude Notes,text,behavioral_activation,275,True,2026-09-19 19:44:10
inter_0042,user_007,body_mapping,Body Mapping,touch,grounding_mindfulness,121,True,2026-09-23 13:25:15
inter_0043,user_012,body_mapping,Body Mapping,touch,grounding_mindfulness,51,False,2026-09-25 09:13:32
inter_0044,user_003,blow_it_out,Blow It Out,voice,somatic_release,83,True,2026-09-29 08:08:56
inter_0045,user_013,body_mapping,Body Mapping,touch,grounding_mindfulness,103,True,2026-10-02 09:40:50
inter_0046,user_002,voice_journal,Voice Journal,voice,emotional_awareness,85,False,2026-09-30 13:07:07
inter_0047,user_003,visual_anchoring,Visual Anchoring,multimedia,grounding_mindfulness,119,True,2026-09-20 17:21:43
inter_0048,user_014,visual_anchoring,Visual Anchoring,multimedia,grounding_mindfulness,21,True,2026-09-22 12:45:15
inter_0049,user_007,custom_breathing,Custom Breathing,touch,breathing_regulation,161,True,2026-09-29 15:46:13
inter_0050,user_010,blow_it_out,Blow It Out,voice,somatic_release,17,True,2026-09-23 07:20:31
inter_0051,user_008,custom_breathing,Custom Breathing,touch,breathing_regulation,154,True,2026-09-25 06:51:05
inter_0052,user_012,emotion_detective,Emotion Detective,text,emotional_awareness,227,True,2026-09-20 14:13:01
inter_0053,user_015,photo_of_the_day,Photo of the Day,multimedia,behavioral_activation,91,True,2026-09-19 13:57:55
inter_0054,user_021,custom_breathing,Custom Breathing,touch,breathing_regulation,86,True,2026-09-24 06:44:05
inter_0055,user_018,scream_tank,Scream Tank,voice,somatic_release,25,True,2026-09-26 09:14:44
inter_0056,user_014,haptic_tapping,Haptic Tapping,touch,grounding_mindfulness,84,True,2026-09-20 03:09:20
inter_0057,user_022,custom_breathing,Custom Breathing,touch,breathing_regulation,42,True,2026-09-24 11:19:30
inter_0058,user_022,emotion_detective,Emotion Detective,text,emotional_awareness,294,True,2026-09-22 20:07:33
inter_0059,user_021,photo_of_the_day,Photo of the Day,multimedia,behavioral_activation,58,True,2026-09-24 10:34:45
inter_0060,user_003,blow_it_out,Blow It Out,voice,somatic_release,42,True,2026-10-01 14:28:02
inter_0061,user_019,haptic_tapping,Haptic Tapping,touch,grounding_mindfulness,94,True,2026-09-20 13:52:34
inter_0062,user_006,photo_of_the_day,Photo of the Day,multimedia,behavioral_activation,63,True,2026-09-30 08:03:21
inter_0063,user_010,body_mapping,Body Mapping,touch,grounding_mindfulness,98,True,2026-09-28 00:09:58
inter_0064,user_013,visual_anchoring,Visual Anchoring,multimedia,grounding_mindfulness,87,True,2026-10-01 18:27:49
inter_0065,user_009,photo_of_the_day,Photo of the Day,multimedia,behavioral_activation,25,True,2026-09-25 15:24:24
inter_0066,user_006,emotion_detective,Emotion Detective,text,emotional_awareness,280,True,2026-10-01 08:07:49
inter_0067,user_005,blow_it_out,Blow It Out,voice,somatic_release,17,True,2026-09-28 15:56:17
inter_0068,user_008,body_mapping,Body Mapping,touch,grounding_mindfulness,110,True,2026-09-27 23:28:33
inter_0069,user_005,blow_it_out,Blow It Out,voice,somatic_release,80,True,2026-09-27 13:36:02
inter_0070,user_025,thought_reframing,Thought Reframing,text,emotional_awareness,112,True,2026-09-24 05:58:53
inter_0071,user_019,haptic_tapping,Haptic Tapping,touch,grounding_mindfulness,161,True,2026-09-19 06:50:10
inter_0072,user_022,visual_anchoring,Visual Anchoring,multimedia,grounding_mindfulness,64,True,2026-09-20 13:59:22
inter_0073,user_012,voice_journal,Voice Journal,voice,emotional_awareness,39,False,2026-09-22 05:00:14
inter_0074,user_001,voice_journal,Voice Journal,voice,emotional_awareness,36,True,2026-10-01 06:13:26
inter_0075,user_012,body_mapping,Body Mapping,touch,grounding_mindfulness,153,True,2026-09-30 06:30:36
inter_0076,user_007,gratitude_notes,Gratitude Notes,text,behavioral_activation,296,True,2026-09-19 14:08:49
inter_0077,user_024,thought_reframing,Thought Reframing,text,emotional_awareness,156,True,2026-09-20 23:41:28
inter_0078,user_018,haptic_tapping,Haptic Tapping,touch,grounding_mindfulness,150,False,2026-09-21 03:09:24
inter_0079,user_001,scream_tank,Scream Tank,voice,somatic_release,28,True,2026-09-24 05:27:37
inter_0080,user_004,photo_of_the_day,Photo of the Day,multimedia,behavioral_activation,25,True,2026-10-01 08:04:03
inter_0081,user_005,visual_anchoring,Visual Anchoring,multimedia,grounding_mindfulness,54,True,2026-09-23 23:32:35
inter_0082,user_025,custom_breathing,Custom Breathing,touch,breathing_regulation,170,True,2026-10-01 10:01:50
inter_0083,user_025,custom_breathing,Custom Breathing,touch,breathing_regulation,60,True,2026-09-26 13:10:30
inter_0084,user_015,haptic_tapping,Haptic Tapping,touch,grounding_mindfulness,42,True,2026-10-03 00:30:12
inter_0085,user_025,thought_reframing,Thought Reframing,text,emotional_awareness,191,True,2026-09-19 12:36:18
inter_0086,user_005,photo_of_the_day,Photo of the Day,multimedia,behavioral_activation,41,True,2026-09-20 18:55:13
inter_0087,user_007,blow_it_out,Blow It Out,voice,somatic_release,34,False,2026-09-20 15:43:26
inter_0088,user_019,custom_breathing,Custom Breathing,touch,breathing_regulation,42,True,2026-10-01 21:26:18
inter_0089,user_004,haptic_tapping,Haptic Tapping,touch,grounding_mindfulness,61,True,2026-09-24 06:38:20
inter_0090,user_007,emotion_detective,Emotion Detective,text,emotional_awareness,229,True,2026-09-29 15:37:04
inter_0091,user_019,visual_anchoring,Visual Anchoring,multimedia,grounding_mindfulness,82,True,2026-09-25 20:00:11
inter_0092,user_007,emotion_detective,Emotion Detective,text,emotional_awareness,99,True,2026-09-30 07:56:30
inter_0093,user_015,custom_breathing,Custom Breathing,touch,breathing_regulation,92,True,2026-09-23 05:44:37
inter_0094,user_001,custom_breathing,Custom Breathing,touch,breathing_regulation,178,True,2026-09-20 23:04:18
inter_0095,user_005,body_mapping,Body Mapping,touch,grounding_mindfulness,147,True,2026-09-20 12:37:10
inter_0096,user_002,scream_tank,Scream Tank,voice,somatic_release,39,True,2026-09-30 03:57:52
inter_0097,user_019,achievement_jar,Achievement Jar,text,behavioral_activation,69,False,2026-09-19 15:12:53
inter_0098,user_019,visual_anchoring,Visual Anchoring,multimedia,grounding_mindfulness,44,True,2026-09-30 20:20:11
inter_0099,user_015,haptic_tapping,Haptic Tapping,touch,grounding_mindfulness,36,True,2026-10-01 15:42:04
inter_0100,user_019,emotion_detective,Emotion Detective,text,emotional_awareness,177,True,2026-09-27 15:47:43
inter_0101,user_020,scream_tank,Scream Tank,voice,somatic_release,55,True,2026-09-24 19:02:27
inter_0102,user_015,voice_journal,Voice Journal,voice,emotional_awareness,55,True,2026-09-23 17:36:35
inter_0103,user_019,voice_journal,Voice Journal,voice,emotional_awareness,67,True,2026-09-26 22:21:11
inter_0104,user_017,body_mapping,Body Mapping,touch,grounding_mindfulness,106,True,2026-10-02 01:43:06
inter_0105,user_022,visual_anchoring,Visual Anchoring,multimedia,grounding_mindfulness,33,True,2026-10-01 16:26:44
inter_0106,user_010,thought_reframing,Thought Reframing,text,emotional_awareness,108,True,2026-09-25 02:01:03
inter_0107,user_008,scream_tank,Scream Tank,voice,somatic_release,78,True,2026-09-26 15:41:49
inter_0108,user_010,emotion_detective,Emotion Detective,text,emotional_awareness,276,True,2026-09-21 16:25:14
inter_0109,user_005,blow_it_out,Blow It Out,voice,somatic_release,68,True,2026-09-23 17:52:04
inter_0110,user_005,custom_breathing,Custom Breathing,touch,breathing_regulation,116,True,2026-10-01 22:44:15
inter_0111,user_015,achievement_jar,Achievement Jar,text,behavioral_activation,199,True,2026-10-02 11:42:05
inter_0112,user_006,haptic_tapping,Haptic Tapping,touch,grounding_mindfulness,116,True,2026-09-20 02:14:05
inter_0113,user_021,achievement_jar,Achievement Jar,text,behavioral_activation,200,False,2026-09-24 01:15:54
inter_0114,user_023,photo_of_the_day,Photo of the Day,multimedia,behavioral_activation,103,True,2026-09-19 22:53:44
inter_0115,user_015,blow_it_out,Blow It Out,voice,somatic_release,47,True,2026-09-29 22:52:41
inter_0116,user_020,scream_tank,Scream Tank,voice,somatic_release,39,True,2026-10-01 14:29:20
inter_0117,user_004,achievement_jar,Achievement Jar,text,behavioral_activation,155,False,2026-10-02 15:04:47
inter_0118,user_005,blow_it_out,Blow It Out,voice,somatic_release,90,False,2026-09-26 10:14:42
inter_0119,user_008,visual_anchoring,Visual Anchoring,multimedia,grounding_mindfulness,35,True,2026-10-02 02:51:02
inter_0120,user_010,scream_tank,Scream Tank,voice,somatic_release,69,True,2026-09-24 20:31:52
inter_0121,user_015,body_mapping,Body Mapping,touch,grounding_mindfulness,66,True,2026-09-28 11:04:31
inter_0122,user_009,achievement_jar,Achievement Jar,text,behavioral_activation,258,True,2026-09-28 18:01:50
inter_0123,user_020,custom_breathing,Custom Breathing,touch,breathing_regulation,144,True,2026-09-23 09:43:42
inter_0124,user_012,emotion_detective,Emotion Detective,text,emotional_awareness,209,True,2026-09-22 15:49:55
inter_0125,user_020,custom_breathing,Custom Breathing,touch,breathing_regulation,51,True,2026-09-25 00:35:25
inter_0126,user_016,haptic_tapping,Haptic Tapping,touch,grounding_mindfulness,79,True,2026-09-30 23:17:36
inter_0127,user_016,body_mapping,Body Mapping,touch,grounding_mindfulness,79,False,2026-09-21 08:29:13
inter_0128,user_016,scream_tank,Scream Tank,voice,somatic_release,86,False,2026-09-24 12:22:03
inter_0129,user_007,blow_it_out,Blow It Out,voice,somatic_release,67,True,2026-09-23 14:51:50
inter_0130,user_016,scream_tank,Scream Tank,voice,somatic_release,75,True,2026-09-22 06:10:47
inter_0131,user_008,achievement_jar,Achievement Jar,text,behavioral_activation,190,True,2026-09-22 19:49:47
inter_0132,user_009,haptic_tapping,Haptic Tapping,touch,grounding_mindfulness,79,True,2026-09-24 00:23:24
inter_0133,user_003,voice_journal,Voice Journal,voice,emotional_awareness,43,False,2026-09-28 08:54:25
inter_0134,user_010,custom_breathing,Custom Breathing,touch,breathing_regulation,56,True,2026-10-01 00:19:11
inter_0135,user_016,blow_it_out,Blow It Out,voice,somatic_release,28,True,2026-09-27 23:32:55
inter_0136,user_007,blow_it_out,Blow It Out,voice,somatic_release,63,True,2026-09-27 00:34:44
inter_0137,user_017,blow_it_out,Blow It Out,voice,somatic_release,67,True,2026-09-30 04:49:02
inter_0138,user_001,visual_anchoring,Visual Anchoring,multimedia,grounding_mindfulness,99,True,2026-09-21 00:01:34
inter_0139,user_014,photo_of_the_day,Photo of the Day,multimedia,behavioral_activation,50,False,2026-09-19 19:09:03
inter_0140,user_007,voice_journal,Voice Journal,voice,emotional_awareness,65,True,2026-09-27 13:06:41
inter_0141,user_021,thought_reframing,Thought Reframing,text,emotional_awareness,82,True,2026-09-26 12:12:27
inter_0142,user_010,voice_journal,Voice Journal,voice,emotional_awareness,73,True,2026-09-20 09:59:30
inter_0143,user_024,blow_it_out,Blow It Out,voice,somatic_release,75,True,2026-09-30 11:14:00
inter_0144,user_022,body_mapping,Body Mapping,touch,grounding_mindfulness,132,False,2026-09-20 18:56:37
inter_0145,user_018,thought_reframing,Thought Reframing,text,emotional_awareness,72,True,2026-09-24 19:25:44
inter_0146,user_010,visual_anchoring,Visual Anchoring,multimedia,grounding_mindfulness,34,True,2026-09-30 09:17:08
inter_0147,user_013,gratitude_notes,Gratitude Notes,text,behavioral_activation,267,True,2026-09-28 21:16:33
inter_0148,user_003,body_mapping,Body Mapping,touch,grounding_mindfulness,170,True,2026-09-26 06:21:56
inter_0149,user_023,blow_it_out,Blow It Out,voice,somatic_release,34,True,2026-09-24 23:34:59
inter_0150,user_011,haptic_tapping,Haptic Tapping,touch,grounding_mindfulness,152,True,2026-09-25 15:21:12
inter_0151,user_024,blow_it_out,Blow It Out,voice,somatic_release,71,True,2026-09-21 10:37:53
inter_0152,user_017,scream_tank,Scream Tank,voice,somatic_release,73,True,2026-09-25 03:18:51
inter_0153,user_021,body_mapping,Body Mapping,touch,grounding_mindfulness,41,True,2026-10-01 09:02:06
inter_0154,user_004,blow_it_out,Blow It Out,voice,somatic_release,55,True,2026-09-29 23:08:09
inter_0155,user_012,body_mapping,Body Mapping,touch,grounding_mindfulness,109,True,2026-09-22 15:24:45
inter_0156,user_016,photo_of_the_day,Photo of the Day,multimedia,behavioral_activation,52,True,2026-09-27 03:03:36
inter_0157,user_016,voice_journal,Voice Journal,voice,emotional_awareness,19,True,2026-09-19 11:41:39
inter_0158,user_005,achievement_jar,Achievement Jar,text,behavioral_activation,265,True,2026-10-02 06:37:32
inter_0159,user_021,haptic_tapping,Haptic Tapping,touch,grounding_mindfulness,143,True,2026-09-23 20:30:06
inter_0160,user_025,haptic_tapping,Haptic Tapping,touch,grounding_mindfulness,83,False,2026-09-25 06:16:21
inter_0161,user_009,photo_of_the_day,Photo of the Day,multimedia,behavioral_activation,108,True,2026-09-28 18:41:05
inter_0162,user_001,haptic_tapping,Haptic Tapping,touch,grounding_mindfulness,114,True,2026-09-21 07:18:13
inter_0163,user_001,body_mapping,Body Mapping,touch,grounding_mindfulness,87,True,2026-09-28 14:40:25
inter_0164,user_007,blow_it_out,Blow It Out,voice,somatic_release,85,True,2026-09-23 22:09:48
inter_0165,user_025,voice_journal,Voice Journal,voice,emotional_awareness,20,True,2026-09-24 17:12:08
inter_0166,user_022,voice_journal,Voice Journal,voice,emotional_awareness,26,True,2026-09-23 03:53:50
inter_0167,user_002,gratitude_notes,Gratitude Notes,text,behavioral_activation,225,True,2026-10-02 23:14:12
inter_0168,user_002,gratitude_notes,Gratitude Notes,text,behavioral_activation,234,True,2026-09-21 01:47:58
inter_0169,user_017,voice_journal,Voice Journal,voice,emotional_awareness,63,True,2026-09-21 12:45:02
inter_0170,user_015,custom_breathing,Custom Breathing,touch,breathing_regulation,145,True,2026-09-27 13:30:52
inter_0171,user_009,blow_it_out,Blow It Out,voice,somatic_release,40,True,2026-09-28 17:36:07
inter_0172,user_016,photo_of_the_day,Photo of the Day,multimedia,behavioral_activation,89,True,2026-09-19 21:35:25
inter_0173,user_025,custom_breathing,Custom Breathing,touch,breathing_regulation,106,True,2026-09-20 02:10:50
inter_0174,user_023,haptic_tapping,Haptic Tapping,touch,grounding_mindfulness,163,True,2026-09-29 03:29:32
inter_0175,user_015,voice_journal,Voice Journal,voice,emotional_awareness,30,False,2026-09-19 19:02:07
inter_0176,user_021,custom_breathing,Custom Breathing,touch,breathing_regulation,136,True,2026-09-26 06:28:40
inter_0177,user_014,thought_reframing,Thought Reframing,text,emotional_awareness,229,True,2026-09-22 05:34:39
inter_0178,user_025,visual_anchoring,Visual Anchoring,multimedia,grounding_mindfulness,110,False,2026-09-22 20:53:43
inter_0179,user_025,voice_journal,Voice Journal,voice,emotional_awareness,41,True,2026-09-24 22:52:23
inter_0180,user_022,visual_anchoring,Visual Anchoring,multimedia,grounding_mindfulness,102,True,2026-09-21 07:20:54
inter_0181,user_015,body_mapping,Body Mapping,touch,grounding_mindfulness,108,True,2026-09-24 04:06:29
inter_0182,user_024,achievement_jar,Achievement Jar,text,behavioral_activation,256,True,2026-09-27 15:43:45
inter_0183,user_004,haptic_tapping,Haptic Tapping,touch,grounding_mindfulness,180,True,2026-09-24 06:57:03
inter_0184,user_016,photo_of_the_day,Photo of the Day,multimedia,behavioral_activation,64,True,2026-09-26 01:09:24
inter_0185,user_025,scream_tank,Scream Tank,voice,somatic_release,90,True,2026-09-29 04:44:09
inter_0186,user_019,custom_breathing,Custom Breathing,touch,breathing_regulation,128,True,2026-09-22 21:39:02
inter_0187,user_001,custom_breathing,Custom Breathing,touch,breathing_regulation,104,True,2026-09-25 22:21:51
inter_0188,user_004,blow_it_out,Blow It Out,voice,somatic_release,47,True,2026-09-29 15:14:21
inter_0189,user_005,thought_reframing,Thought Reframing,text,emotional_awareness,93,True,2026-09-29 13:42:59
inter_0190,user_005,photo_of_the_day,Photo of the Day,multimedia,behavioral_activation,25,False,2026-09-27 08:00:36
inter_0191,user_001,voice_journal,Voice Journal,voice,emotional_awareness,86,True,2026-09-25 02:15:37
inter_0192,user_020,scream_tank,Scream Tank,voice,somatic_release,90,False,2026-09-22 20:35:20
inter_0193,user_005,thought_reframing,Thought Reframing,text,emotional_awareness,163,True,2026-09-28 20:03:41
inter_0194,user_017,blow_it_out,Blow It Out,voice,somatic_release,84,True,2026-10-01 18:41:40
inter_0195,user_009,visual_anchoring,Visual Anchoring,multimedia,grounding_mindfulness,71,True,2026-09-27 13:41:05
inter_0196,user_013,haptic_tapping,Haptic Tapping,touch,grounding_mindfulness,78,True,2026-10-02 09:04:50
inter_0197,user_018,custom_breathing,Custom Breathing,touch,breathing_regulation,118,True,2026-09-23 09:46:31
inter_0198,user_007,custom_breathing,Custom Breathing,touch,breathing_regulation,72,False,2026-09-28 07:15:19
inter_0199,user_004,voice_journal,Voice Journal,voice,emotional_awareness,18,True,2026-09-21 22:39:43
inter_0200,user_010,body_mapping,Body Mapping,touch,grounding_mindfulness,143,True,2026-09-29 05:39:12
